,TSLA,AAPL,MSFT,AMZN
CEO,Elon Musk,Tim Cook,Satya Nadella,Andy Jassy
Founded,"Jul 1, 2003","Apr 1, 1976","Apr 4, 1975","Jul 5, 1994"
Website,tesla.com,apple.com,microsoft.com,aboutamazon.com
Employees,"127,855","161,000","221,000","1,500,000"
About,"Tesla, Inc. is an American multinational automotive and clean energy company headquartered in Austin, Texas, which designs, manufactures and sells electric vehicles, stationary battery energy storage devices from home to grid-scale, solar panels and solar shingles, and related products and services.
Tesla was incorporated in July 2003 by Martin Eberhard and Marc Tarpenning as Tesla Motors. The company's name is a tribute to inventor and electrical engineer Nikola Tesla. In February 2004 Elon Mus","Apple Inc. is an American multinational technology company headquartered in Cupertino, California, in Silicon Valley. It designs, develops, and sells consumer electronics, computer software, and online services. Devices include the iPhone, iPad, Mac, Apple Watch, and Apple TV; operating systems include iOS and macOS; and software applications and services include iTunes, iCloud, and Apple Music.
As of March 2023, Apple is the world's largest company by market capitalization. In 2022, it was the ","Microsoft Corporation is an American multinational technology corporation headquartered in Redmond, Washington. Microsoft's best-known software products are the Windows line of operating systems, the Microsoft 365 suite of productivity applications, and the Edge web browser. Its flagship hardware products are the Xbox video game consoles and the Microsoft Surface lineup of touchscreen personal computers. Microsoft ranked No. 14 in the 2022 Fortune 500 rankings of the largest United States corpor","Amazon.com, Inc. is an American multinational technology company focusing on e-commerce, cloud computing, online advertising, digital streaming, and artificial intelligence. It is considered one of the Big Five American technology companies; the other four are Alphabet, Apple, Meta, and Microsoft.
Amazon was founded on July 5, 1994 by Jeff Bezos from his garage in Bellevue, Washington. The company initially was an online marketplace for books, but incrementally expanded into a multitude of produ"
Headquarters,,"Cupertino, CaliforniaUnited States","Redmond, WashingtonUnited States","Seattle, WashingtonUnited States"
